{ "comment": "",

"tr_bigflag": {
  "name": "bigflag.png",
  "x": -4096,  "y": 3295,
  "width": 1307, "height": 802
}

,"center": {
  "name": "plan.png",
  "x": 701,  "y": -507,
  "width": 808, "height": 667
}

,"turkey_void": {
  "name": "TrZoneMerkez.png",
  "x": 812,  "y": -505,
  "width": 377, "height": 279
}
 
 ,"hilalyildiz": {
  "name": "hilalyildiz.png",
  "x": 3452,  "y": -1186,
  "width": 133, "height": 75
}
 
  ,"alsancak": {
  "name": "alsancak.png",
  "x": 71,  "y": -3814,
  "width": 273, "height": 155
}




}
